PLU#, ProductClass, Reporting Group, Printing Group, Display Group, Long Description (50 chars Max), Till Description (16 chars Max), Order Text (32 chars Max), Order Note, Price 1, Price 2, Price 3, Price 4, Price 5, Price 6, Price 7, Price 8, Price 9, Cost, Printers, Touchscreen Text, Handheld Text
1000,1,COLD DRINK,DRINK,,"**COLD DRINK**","**COLD DRINK**","**COLD DRINK**","",0,0,0,0,0,0,0,0,0,0,"","**COLD DRINK**","**COLD DRINK**"
1001,1,COLD DRINK,DRINK,DRINK CAN,"COKE CAN","COKE CAN","COKE CAN","",1,0,0,0,0,0,0,0,0,0,"1","COKE CAN","COKE CAN"
1002,1,COLD DRINK,DRINK,DRINK CAN,"DIET COKE CAN","DIET COKE CAN","DIET COKE CAN","",1,0,0,0,0,0,0,0,0,0,"1","DIET COKE CAN","DIET COKE CAN"
1003,1,COLD DRINK,DRINK,DRINK CAN,"COKE ZERO CAN","COKE ZERO CAN","COKE ZERO CAN","",1,0,0,0,0,0,0,0,0,0,"1","COKE ZERO CAN","COKE ZERO CAN"
1004,1,COLD DRINK,DRINK,DRINK CAN,"FANTA ORANGE CAN","FANTA ORANGE CAN","FANTA ORANGE CAN","",1,0,0,0,0,0,0,0,0,0,"1","FANTA ORANGE CAN","FANTA ORANGE CAN"
1005,1,COLD DRINK,DRINK,DRINK CAN,"FANTA LEMON CAN","FANTA LEMON CAN","FANTA LEMON CAN","",1,0,0,0,0,0,0,0,0,0,"1","FANTA LEMON CAN","FANTA LEMON CAN"
1006,1,COLD DRINK,DRINK,DRINK CAN,"SPRITE CAN","SPRITE CAN","SPRITE CAN","",1,0,0,0,0,0,0,0,0,0,"1","SPRITE CAN","SPRITE CAN"
1007,1,COLD DRINK,DRINK,,"SPARE PLU","SPARE PLU","SPARE PLU","",0,0,0,0,0,0,0,0,0,0,"1","SPARE PLU","SPARE PLU"
2000,1,COLD DRINK,DRINK,DRINK BTL,"COKE BTL","COKE BTL","COKE BTL","",1.5,0,0,0,0,0,0,0,0,0,"1","COKE BTL","COKE BTL"
2001,1,COLD DRINK,DRINK,DRINK BTL,"DIET COKE BTL","DIET COKE BTL","DIET COKE BTL","",1.4,0,0,0,0,0,0,0,0,0,"1","DIET COKE BTL","DIET COKE BTL"
2002,1,COLD DRINK,DRINK,DRINK BTL,"COKE ZERO BTL","COKE ZERO BTL","COKE ZERO BTL","",1.4,0,0,0,0,0,0,0,0,0,"1","COKE ZERO BTL","COKE ZERO BTL"
2003,1,COLD DRINK,DRINK,DRINK BTL,"FANTA ORANGE BTL","FANTA ORANGE BTL","FANTA ORANGE BTL","",1.4,0,0,0,0,0,0,0,0,0,"1","FANTA ORANGE BTL","FANTA ORANGE BTL"
2004,1,COLD DRINK,DRINK,DRINK BTL,"FANTA LEMON BTL","FANTA LEMON BTL","FANTA LEMON BTL","",1.4,0,0,0,0,0,0,0,0,0,"1","FANTA LEMON BTL","FANTA LEMON BTL"
2005,1,COLD DRINK,DRINK,DRINK BTL,"SPRITE BTL","SPRITE BTL","SPRITE BTL","",1.4,0,0,0,0,0,0,0,0,0,"1","SPRITE BTL","SPRITE BTL"
2006,4,COLD DRINK,DRINK,DRINK BTL,"CLOUDY LIME BTL","CLOUDY LIME BTL","CLOUDY LIME BTL","",1,0,0,0,0,0,0,0,0,0,"1","CLOUDY LIME BTL","CLOUDY LIME BTL"
2007,1,COLD DRINK,DRINK,DRINK BTL,"ATTABOY BTL","ATTABOY BTL","ATTABOY BTL","",1,0,0,0,0,0,0,0,0,0,"1","ATTABOY BTL","ATTABOY BTL"
2008,1,COLD DRINK,DRINK,,"SPARE PLU","SPARE PLU","SPARE PLU","",0,0,0,0,0,0,0,0,0,0,"1","SPARE PLU","SPARE PLU"
2009,1,COLD DRINK,DRINK,DRINK BTL,"STILL WATER","STILL WATER","STILL WATER","",1,0,0,0,0,0,0,0,0,0,"1","STILL WATER","STILL WATER"
2010,1,COLD DRINK,DRINK,DRINK BTL,"BPM","BPM","BPM","",1.5,0,0,0,0,0,0,0,0,0,"1","BPM","BPM"
2011,1,COLD DRINK,DRINK,COLD DRINK,"GLASS OF MILK","GLASS OF MILK","GLASS OF MILK","",1,0,0,0,0,0,0,0,0,0,"1","GLASS OF MILK","GLASS OF MILK"
2012,1,COLD DRINK,DRINK,DRINK BTL,"PINEAPPLE BTL","PINEAPPLE BTL","PINEAPPLE BTL","",1,0,0,0,0,0,0,0,0,0,"1","PINEAPPLE BTL","PINEAPPLE BTL"
2013,1,COLD DRINK,DRINK,DRINK KIDS BTL,"FOREST FRUITS","FOREST FRUITS","FOREST FRUITS","",0.6,0,0,0,0,0,0,0,0,0,"1","FOREST FRUITS","FOREST FRUITS"
2014,1,COLD DRINK,DRINK,DRINK KIDS BTL,"STRAWBERRY & KIWI","STRAWBERRY & KIW","STRAWBERRY & KIWI","",0.6,0,0,0,0,0,0,0,0,0,"1","STRAWBERRY & KIWI","STRAWBERRY & KIWI"
2015,1,COLD DRINK,DRINK,DRINK KIDS BTL,"LEMON & LIME","LEMON & LIME","LEMON & LIME","",0.6,0,0,0,0,0,0,0,0,0,"1","LEMON & LIME","LEMON & LIME"
2016,1,COLD DRINK,DRINK,DRINK KIDS BTL,"PLAIN WATER","PLAIN WATER","PLAIN WATER","",0.6,0,0,0,0,0,0,0,0,0,"1","PLAIN WATER","PLAIN WATER"
2017,1,COLD DRINK,DRINK,DRINK BTL,"BUBBLE GUM BTL","BUBBLE GUM BTL","BUBBLE GUM BTL","",1,0,0,0,0,0,0,0,0,0,"1","BUBBLE GUM BTL","BUBBLE GUM BTL"
3000,1,HOT DRINK,DRINK,,"**HOT DRINK**","**HOT DRINK**","**HOT DRINK**","",0,0,0,0,0,0,0,0,0,0,"","**HOT DRINK**","**HOT DRINK**"
3001,1,HOT DRINK,DRINK,HOT DRINK,"TEA","TEA","TEA","",1.5,0,0,0,0,0,0,0,0,0,"1-2","TEA","TEA"
3002,1,HOT DRINK,DRINK,HOT DRINK,"COFFEE","COFFEE","COFFEE","",1.5,0,0,0,0,0,0,0,0,0,"1-2","COFFEE","COFFEE"
4000,1,CHIPS,FOOD,,"**CHIPS**","**CHIPS**","**CHIPS**","",0,0,0,0,0,0,0,0,0,0,"","**CHIPS**","**CHIPS**"
4001,1,CHIPS,FOOD,CHIPS,"REGULAR CHIP","REGULAR CHIP","REGULAR CHIP","",2.8,0,0,0,0,0,0,0,0,0,"2-3","REGULAR CHIP","REGULAR CHIP"
4002,1,CHIPS,FOOD,CHIPS,"LARGE CHIP","LARGE CHIP","LARGE CHIP","",4.5,0,0,0,0,0,0,0,0,0,"2-3","LARGE CHIP","LARGE CHIP"
4003,1,CHIPS,FOOD,CHIPS,"SMALL CHIP","SMALL CHIP","SMALL CHIP","",2.5,0,0,0,0,0,0,0,0,0,"2-3","SMALL CHIP","SMALL CHIP"
4004,1,CHIPS,FOOD,CHIPS,"FAMILY CHIP","FAMILY CHIP","FAMILY CHIP","",6.5,0,0,0,0,0,0,0,0,0,"2-3","FAMILY CHIP","FAMILY CHIP"
4005,1,CHIPS,FOOD,CHIPS,"POUND CHIP","POUND CHIP","POUND CHIP","",1,0,0,0,0,0,0,0,0,0,"2-3","POUND CHIP","POUND CHIP"
4006,1,CHIPS,FOOD,CHIPS,"HAWAIIAN CHIP","HAWAIIAN CHIP","HAWAIIAN CHIP","",4.4,0,0,0,0,0,0,0,0,0,"2-3","HAWAIIAN CHIP","HAWAIIAN CHIP"
4007,1,CHIPS,FOOD,CHIPS,"CHIP BUTTY","CHIP BUTTY","CHIP BUTTY","",2.6,0,0,0,0,0,0,0,0,0,"2-3","CHIP BUTTY","CHIP BUTTY"
4008,1,CHIPS,FOOD,CHIPS,"CHIP BUTTY & CHEESE","CHIP BUTTY & CHE","CHIP BUTTY & CHEESE","",2.9,0,0,0,0,0,0,0,0,0,"2-3","CHIP BUTTY 
& CHEESE","CHIP BUTTY & CHEESE"
4009,1,CHIPS,FOOD,CHIPS,"SML CHEESY CHIP","SML CHEESY CHIP","SML CHEESY CHIP","",3,0,0,0,0,0,0,0,0,0,"2-3","SML 
CHEESY CHIP","SML CHEESY CHIP"
4010,1,CHIPS,FOOD,CHIPS,"SML GRAVY CHIP","SML GRAVY CHIP","SML GRAVY CHIP","",2.9,0,0,0,0,0,0,0,0,0,"2-3","SML 
GRAVY CHIP","SML GRAVY CHIP"
4011,1,CHIPS,FOOD,CHIPS,"SML CURRY CHIP","SML CURRY CHIP","SML CURRY CHIP","",2.9,0,0,0,0,0,0,0,0,0,"2-3","SML 
CURRY CHIP","SML CURRY CHIP"
4012,1,CHIPS,FOOD,CHIPS,"SML PEPPER CHIP","SML PEPPER CHIP","SML PEPPER CHIP","",2.9,0,0,0,0,0,0,0,0,0,"2-3","SML 
PEPPER CHIP","SML PEPPER CHIP"
4013,1,CHIPS,FOOD,CHIPS,"SML CHIP & CHEESE & GRAVY","SML CHIP & CHEES","SML CHIP & CHEESE & GRAVY","",3.4,0,0,0,0,0,0,0,0,0,"2-3","SML CHIP 
& CHEESE & GRAVY","SML CHIP & CHEESE & GRAVY"
4014,1,CHIPS,FOOD,CHIPS,"SML CHIP & CHEESE & CURRY","SML CHIP & CHEES","SML CHIP & CHEESE & CURRY","",3.4,0,0,0,0,0,0,0,0,0,"2-3","SML CHIP 
& CHEESE & CURRY","SML CHIP & CHEESE & CURRY"
4015,1,CHIPS,FOOD,CHIPS,"SML CHIP & CHEESE & PEPPER","SML CHIP & CHEES","SML CHIP & CHEESE & PEPPER","",3.4,0,0,0,0,0,0,0,0,0,"2-3","SML CHIP 
& CHEESE & PEPPER","SML CHIP & CHEESE & PEPPER"
4016,1,CHIPS,FOOD,CHIPS,"REG CHEESY CHIP","REG CHEESY CHIP","REG CHEESY CHIP","",3.6,0,0,0,0,0,0,0,0,0,"2-3","REG 
CHEESY CHIP","REG CHEESY CHIP"
4017,1,CHIPS,FOOD,CHIPS,"REG GRAVY CHIP","REG GRAVY CHIP","REG GRAVY CHIP","",3.6,0,0,0,0,0,0,0,0,0,"2-3","REG 
GRAVY CHIP","REG GRAVY CHIP"
4018,1,CHIPS,FOOD,CHIPS,"REG CURRY CHIP","REG CURRY CHIP","REG CURRY CHIP","",3.6,0,0,0,0,0,0,0,0,0,"2-3","REG 
CURRY CHIP","REG CURRY CHIP"
4019,1,CHIPS,FOOD,CHIPS,"REG PEPPER CHIP","REG PEPPER CHIP","REG PEPPER CHIP","",3.6,0,0,0,0,0,0,0,0,0,"2-3","REG 
PEPPER CHIP","REG PEPPER CHIP"
4020,1,CHIPS,FOOD,CHIPS,"REG CHIP & CHEESE & GRAVY","REG CHIP & CHEES","REG CHIP & CHEESE & GRAVY","",4.4,0,0,0,0,0,0,0,0,0,"2-3","REG CHIP 
& CHEESE & GRAVY","REG CHIP & CHEESE & GRAVY"
4021,1,CHIPS,FOOD,CHIPS,"REG CHIP & CHEESE & CURRY","REG CHIP & CHEES","REG CHIP & CHEESE & CURRY","",4.4,0,0,0,0,0,0,0,0,0,"2-3","REG CHIP 
& CHEESE & CURRY","REG CHIP & CHEESE & CURRY"
4022,1,CHIPS,FOOD,CHIPS,"REG CHIP & CHEESE & PEPPER","REG CHIP & CHEES","REG CHP/CHS/PEPP","",4.4,0,0,0,0,0,0,0,0,0,"2-3","REG CHIP 
& CHEESE & PEPPER","REG CHIP & CHEESE & PEPPER"
4023,1,CHIPS,FOOD,CHIPS,"REG CHIP & MUSHROOM & ONION","REG CHIP & MUSHR","REG CHP/MR/ONION","",3.5,0,0,0,0,0,0,0,0,0,"2-3","REG CHIP 
& MUSHROOM & ONION","REG CHIP & MUSHROOM & ONION"
4024,1,CHIPS,FOOD,CHIPS,"CHIP CHEESE + GARLIC","CHIP CHEESE + GA","CHIP CHS+ GARLIC","",4.4,0,0,0,0,0,0,0,0,0,"2-3","CHIP CHEESE 
+ GARLIC","CHIP CHEESE + GARLIC"
4025,1,CHIPS,FOOD,CHIPS,"CHIP CHEESE + 1000 ISLAND","CHIP CHEESE + 10","CHIP CHS/1000ISL","",4.4,0,0,0,0,0,0,0,0,0,"2-3","CHIP CHEESE 
+ 1000 ISLAND","CHIP CHEESE + 1000 ISLAND"
5000,1,FISH,FOOD,,"**FISH","**FISH","**FISH","",0,0,0,0,0,0,0,0,0,0,"","**FISH","**FISH"
5001,1,FISH,FOOD,FISH,"COD","COD","COD","",4.6,0,0,0,0,0,0,0,0,0,"2-3","COD","COD"
5002,1,FISH,FOOD,FISH,"BREADED COD","BREADED COD","BREADED COD","",4.6,0,0,0,0,0,0,0,0,0,"2-3","BREADED COD","BREADED COD"
5003,1,FISH,FOOD,FISH,"COD BITES","COD BITES","COD BITES","",4.7,0,0,0,0,0,0,0,0,0,"2-3","COD BITES","COD BITES"
5004,1,FISH,FOOD,FISH,"FISH CAKE","FISH CAKE","FISH CAKE","",2.3,0,0,0,0,0,0,0,0,0,"2-3","FISH CAKE","FISH CAKE"
5005,1,FISH,FOOD,FISH,"SCAMPI (10)","SCAMPI (10)","SCAMPI (10)","",4,0,0,0,0,0,0,0,0,0,"2-3","SCAMPI (10)","SCAMPI (10)"
5500,1,SUPPER,FOOD,,"**FISH SUPPERS**","**FISH SUPPERS**","**FISH SUPPERS**","",0,0,0,0,0,0,0,0,0,0,"","**FISH SUPPERS**","**FISH SUPPERS**"
5501,1,SUPPER,FOOD,FISH SUPPER,"COD SUPPER","COD SUPPER","COD SUPPER","",7,0,0,0,0,0,0,0,0,0,"2-3","COD SUPPER","COD SUPPER"
5502,1,SUPPER,FOOD,FISH SUPPER,"BREADED COD SUPPER","BREADED COD SUPP","BREADED COD SUPPER","",7,0,0,0,0,0,0,0,0,0,"2-3","BREADED COD SUPPER","BREADED COD SUPPER"
5503,1,SUPPER,FOOD,FISH SUPPER,"COD BITE SUPPER","COD BITE SUPPER","COD BITE SUPPER","",7.1,0,0,0,0,0,0,0,0,0,"2-3","COD BITE SUPPER","COD BITE SUPPER"
5504,1,SUPPER,FOOD,FISH SUPPER,"FISH CAKE SUPPER","FISH CAKE SUPPER","FISH CAKE SUPPER","",4.6,0,0,0,0,0,0,0,0,0,"2-3","FISH CAKE SUPPER","FISH CAKE SUPPER"
5505,1,SUPPER,FOOD,FISH SUPPER,"SCAMPI SUPPER","SCAMPI SUPPER","SCAMPI SUPPER","",6.2,0,0,0,0,0,0,0,0,0,"2-3","SCAMPI SUPPER","SCAMPI SUPPER"
6000,1,CHICKEN,FOOD,,"**CHICKEN**","**CHICKEN**","**CHICKEN**","",0,0,0,0,0,0,0,0,0,0,"","**CHICKEN**","**CHICKEN**"
6001,1,CHICKEN,FOOD,CHICKEN,"SNACK BOX BONELESS","SNACK BOX BONELE","SNACK BOX BONELESS","",6,0,0,0,0,0,0,0,0,0,"2-3","SNACK BOX 
BONELESS","SNACK BOX BONELESS"
6002,1,CHICKEN,FOOD,CHICKEN,"SNACK BOX x 1","SNACK BOX x 1","SNACK BOX x 1","",3.7,0,0,0,0,0,0,0,0,0,"2-3","SNACK BOX 
x 1","SNACK BOX x 1"
6003,1,CHICKEN,FOOD,CHICKEN,"SNACK BOX x 2","SNACK BOX x 2","SNACK BOX x 2","",5,0,0,0,0,0,0,0,0,0,"2-3","SNACK BOX 
x 2","SNACK BOX x 2"
6004,1,CHICKEN,FOOD,CHICKEN,"SNACK BOX x 3","SNACK BOX x 3","SNACK BOX x 3","",6.8,0,0,0,0,0,0,0,0,0,"2-3","SNACK BOX 
x 3","SNACK BOX x 3"
6005,1,CHICKEN,FOOD,CHICKEN,"SNACKBOX INC BREAST","SNACKBOX INC BRE","S/BOX INC BREAST","",5,0,0,0,0,0,0,0,0,0,"2-3","SNACKBOX 
INC BREAST","SNACKBOX INC BREAST"
6006,1,CHICKEN,FOOD,CHICKEN,"NEW CHICKEN","NEW CHICKEN","NEW CHICKEN","",4,0,0,0,0,0,0,0,0,0,"2-3","NEW CHICKEN","NEW CHICKEN"
6007,1,CHICKEN,FOOD,,"SPARE PLU","SPARE PLU","SPARE PLU","",0,0,0,0,0,0,0,0,0,0,"2-3","SPARE PLU","SPARE PLU"
6008,1,CHICKEN,FOOD,CHICKEN,"GOUJON x 1","GOUJON x 1","GOUJON x 1","",1.4,0,0,0,0,0,0,0,0,0,"2-3","GOUJON x 1","GOUJON x 1"
6009,1,CHICKEN,FOOD,CHICKEN,"GOUJONS x 4","GOUJONS x 4","GOUJONS x 4","",4.8,0,0,0,0,0,0,0,0,0,"2-3","GOUJONS x 4","GOUJONS x 4"
6010,1,CHICKEN,FOOD,CHICKEN,"GOUJONS SUPPER","GOUJONS SUPPER","GOUJONS SUPPER","",7,0,0,0,0,0,0,0,0,0,"2-3","GOUJONS SUPPER","GOUJONS SUPPER"
6011,1,CHICKEN,FOOD,CHICKEN,"HOT WINGS LRG","HOT WINGS LRG","HOT WINGS LRG","",3.5,0,0,0,0,0,0,0,0,0,"2-3","HOT WINGS LRG","HOT WINGS LRG"
6012,1,CHICKEN,FOOD,CHICKEN,"HOT STRIPS x 4","HOT STRIPS x 4","HOT STRIPS x 4","",3.5,0,0,0,0,0,0,0,0,0,"2-3","HOT STRIPS x 4","HOT STRIPS x 4"
6013,1,CHICKEN,FOOD,CHICKEN,"THIGH BOX","THIGH BOX","THIGH BOX","",5,0,0,0,0,0,0,0,0,0,"2-3","THIGH BOX","THIGH BOX"
6014,1,CHICKEN,FOOD,CHICKEN,"CHICKEN WRAP","CHICKEN WRAP","CHICKEN WRAP","",4.2,0,0,0,0,0,0,0,0,0,"2-3","CHICKEN WRAP","CHICKEN WRAP"
6015,1,CHICKEN,FOOD,CHICKEN,"POPCORN CHICKEN","POPCORN CHICKEN","POPCORN CHICKEN","",2.5,0,0,0,0,0,0,0,0,0,"2-3","POPCORN CHICKEN","POPCORN CHICKEN"
6016,1,CHICKEN,FOOD,CHICKEN,"POPCORN SNACK BOX","POPCORN SNACK BO","POPCORN SNACK BOX","",3.5,0,0,0,0,0,0,0,0,0,"2-3","POPCORN SNACK BOX","POPCORN SNACK BOX"
6017,1,CHICKEN,FOOD,CHICKEN,"CHICKEN NUGGETS x 8","CHICKEN NUGGETS","CHICKEN NUGGETS x 8","",3.8,0,0,0,0,0,0,0,0,0,"2-3","CHICKEN 
NUGGETS x 8","CHICKEN NUGGETS x 8"
6018,1,CHICKEN,FOOD,CHICKEN,"CHICKEN NUGGET SUPPER","CHICKEN NUGGET S","CHICKEN NUGGET SUPPER","",6.5,0,0,0,0,0,0,0,0,0,"2-3","CHICKEN NUGGET 
SUPPER","CHICKEN NUGGET SUPPER"
6019,1,CHICKEN,FOOD,CHICKEN,"S/FRIED CHICKEN BREAST","S/FRIED CHICKEN","S/F CHKN BREAST","",3,0,0,0,0,0,0,0,0,0,"2-3","S/FRIED 
CHICKEN BREAST","S/FRIED CHICKEN BREAST"
6020,1,CHICKEN,FOOD,CHICKEN,"S/FRIED THIGH","S/FRIED THIGH","S/FRIED THIGH","",2,0,0,0,0,0,0,0,0,0,"2-3","S/FRIED 
THIGH","S/FRIED THIGH"
6021,1,CHICKEN,FOOD,CHICKEN,"S/FRIED LEG","S/FRIED LEG","S/FRIED LEG","",2,0,0,0,0,0,0,0,0,0,"2-3","S/FRIED 
LEG","S/FRIED LEG"
6022,1,CHICKEN,FOOD,CHICKEN,"S/F WING","S/F WING","S/F WING","",1.7,0,0,0,0,0,0,0,0,0,"2-3","S/F WING","S/F WING"
6023,1,CHICKEN,FOOD,CHICKEN,"SLICED CHICKEN SUPPER","SLICED CHICKEN S","SLICED CHICKEN SUPPER","",7,0,0,0,0,0,0,0,0,0,"2-3","SLICED CHICKEN 
SUPPER","SLICED CHICKEN SUPPER"
6024,1,CHICKEN,FOOD,CHICKEN,"BONELESS x 1","BONELESS x 1","BONELESS x 1","",1.4,0,0,0,0,0,0,0,0,0,"2-3","BONELESS x 1","BONELESS x 1"
6025,1,CHICKEN,FOOD,CHICKEN,"BONELESS x 4","BONELESS x 4","BONELESS x 4","",4.8,0,0,0,0,0,0,0,0,0,"2-3","BONELESS x 4","BONELESS x 4"
6027,1,CHICKEN,FOOD,CHICKEN,"CHICKEN BREAST","CHICKEN BREAST","CHKN BREAST","",3.5,0,0,0,0,0,0,0,0,0,"2-3","CHICKEN 
BREAST","CHICKEN BREAST"
7000,1,BURGERS,FOOD,,"**2oz BURGERS**","**2oz BURGERS**","**2oz BURGERS**","",0,0,0,0,0,0,0,0,0,0,"","**2oz BURGERS**","**2oz BURGERS**"
7001,1,BURGERS,FOOD,2oz BURGER,"2oz BURGER","2oz BURGER","2oz BURGER","",2.2,0,0,0,0,0,0,0,0,0,"2-3","2oz 
BURGER","2oz BURGER"
7002,1,BURGERS,FOOD,2oz BURGER,"2oz CHEESEBURGER","2oz CHEESEBURGER","2oz CHEESEBURGER","",2.5,0,0,0,0,0,0,0,0,0,"2-3","2oz 
CHEESEBURGER","2oz CHEESEBURGER"
7003,1,BURGERS,FOOD,2oz BURGER,"2oz AMERICAN BURGER","2oz AMERICAN BUR","2oz AMERICAN BURGER","",2.7,0,0,0,0,0,0,0,0,0,"2-3","2oz 
AMERICAN BURGER","2oz AMERICAN BURGER"
7004,1,BURGERS,FOOD,2oz BURGER,"2oz HAWAIIAN BURGER","2oz HAWAIIAN BUR","2oz HAWAIIAN BURGER","",2.7,0,0,0,0,0,0,0,0,0,"2-3","2oz 
HAWAIIAN BURGER","2oz HAWAIIAN BURGER"
7500,1,BURGERS,FOOD,,"**4oz BURGERS**","**4oz BURGERS**","**4oz BURGERS**","",0,0,0,0,0,0,0,0,0,0,"","**4oz BURGERS**","**4oz BURGERS**"
7501,1,BURGERS,FOOD,4oz BURGER,"4oz BURGER","4oz BURGER","4oz BURGER","",3.2,0,0,0,0,0,0,0,0,0,"2-3","4oz 
BURGER","4oz BURGER"
7502,1,BURGERS,FOOD,4oz BURGER,"4oz CHEESEBURGER","4oz CHEESEBURGER","4oz CHEESEBURGER","",3.5,0,0,0,0,0,0,0,0,0,"2-3","4oz 
CHEESEBURGER","4oz CHEESEBURGER"
7503,1,BURGERS,FOOD,4oz BURGER,"4oz AMERICAN BURGER","4oz AMERICAN BUR","4oz AMERICAN BURGER","",3.7,0,0,0,0,0,0,0,0,0,"2-3","4oz 
AMERICAN BURGER","4oz AMERICAN BURGER"
7504,1,BURGERS,FOOD,4oz BURGER,"4oz HAWAIIAN BURGER","4oz HAWAIIAN BUR","4oz HAWAIIAN BURGER","",3.7,0,0,0,0,0,0,0,0,0,"2-3","4oz 
HAWAIIAN BURGER","4oz HAWAIIAN BURGER"
8000,1,BURGERS,FOOD,,"**8oz BURGERS**","**8oz BURGERS**","**8oz BURGERS**","",0,0,0,0,0,0,0,0,0,0,"","**8oz BURGERS**","**8oz BURGERS**"
8001,1,BURGERS,FOOD,8oz BURGER,"8oz DOUBLE DECKER","8oz DOUBLE DECKE","8oz DOUBLE DECKER","",5,0,0,0,0,0,0,0,0,0,"2-3","8oz 
DOUBLE DECKER","8oz DOUBLE DECKER"
8500,1,BURGERS,FOOD,,"**CHICKEN BURGERS**","**CHICKEN BURGER","**CHICKEN BURGERS**","",0,0,0,0,0,0,0,0,0,0,"","**CHICKEN BURGERS**","**CHICKEN BURGERS**"
8501,1,BURGERS,FOOD,CHICKEN BURGER,"CHICKEN FILLET BURGER","CHICKEN FILLET B","CHICKEN FILLET BURGER","",3.8,0,0,0,0,0,0,0,0,0,"2-3","CHICKEN 
FILLET BURGER","CHICKEN FILLET BURGER"
8502,1,BURGERS,FOOD,CHICKEN BURGER,"FILLET BURGER WITH BACON & CHEESE","FILLET BURGER WI","FILLET BURGER WITH BACON & CHEES","",4.8,0,0,0,0,0,0,0,0,0,"2-3","FILLET BURGER 
WITH BACON & CHEESE","FILLET BURGER WITH BACON & CHEESE"
8503,1,BURGERS,FOOD,CHICKEN BURGER,"SIZZLER","SIZZLER","SIZZLER","",3.8,0,0,0,0,0,0,0,0,0,"2-3","SIZZLER","SIZZLER"
8504,1,BURGERS,FOOD,CHICKEN BURGER,"SIZZLER WITH BACON & CHEESE","SIZZLER WITH BAC","SIZZLER WITH BACON & CHEESE","",4.8,0,0,0,0,0,0,0,0,0,"2-3","SIZZLER 
WITH BACON & CHEESE","SIZZLER WITH BACON & CHEESE"
8505,1,BURGERS,FOOD,CHICKEN BURGER,"S/F FILLET BURGER","S/F FILLET BURGE","S/F FILLET BURGER","",3.8,0,0,0,0,0,0,0,0,0,"2-3","S/F 
FILLET BURGER","S/F FILLET BURGER"
8506,1,BURGERS,FOOD,CHICKEN BURGER,"S/F FILLET BURGER WITH BACON & CHEESE","S/F FILLET BURGE","S/F FILLET BURGER WITH BACON & C","",4.8,0,0,0,0,0,0,0,0,0,"2-3","S/F FILLET BURGER 
WITH BACON & CHEESE","S/F FILLET BURGER WITH BACON & CHEESE"
9000,1,BURGERS,FOOD,,"**BURGERS**","**BURGERS**","**BURGERS**","",0,0,0,0,0,0,0,0,0,0,"","**BURGERS**","**BURGERS**"
9001,1,BURGERS,FOOD,BURGERS,"D'S BURGER","D'S BURGER","D'S BURGER","",4.5,0,0,0,0,0,0,0,0,0,"2-3","D'S BURGER","D'S BURGER"
9002,1,BURGERS,FOOD,BURGERS,"D'S BONELESS BURGER","D'S BONELESS BUR","D'S BONELESS BURGER","",3.8,0,0,0,0,0,0,0,0,0,"2-3","D'S BONELESS BURGER","D'S BONELESS BURGER"
9003,1,BURGERS,FOOD,BURGERS,"VEGGIE BURGER","VEGGIE BURGER","VEGGIE BURGER","",3.2,0,0,0,0,0,0,0,0,0,"2-3","VEGGIE BURGER","VEGGIE BURGER"
9004,1,BURGERS,FOOD,BURGERS,"BEEF & BIRD","BEEF & BIRD","BEEF & BIRD","",5,0,0,0,0,0,0,0,0,0,"2-3","BEEF & BIRD","BEEF & BIRD"
9005,1,BURGERS,FOOD,BURGERS,"FESTIVE BURGER","FESTIVE BURGER","FESTIVE BURGER","",5,0,0,0,0,0,0,0,0,0,"2-3","FESTIVE BURGER","FESTIVE BURGER"
10000,1,MEALS,FOOD,,"**MEALS**","**MEALS**","**MEALS**","",0,0,0,0,0,0,0,0,0,0,"","**MEALS**","**MEALS**"
10001,1,MEALS,FOOD,MEALS,"BURGER MEAL","BURGER MEAL","BURGER MEAL","",6.5,0,0,0,0,0,0,0,0,0,"2-3","BURGER MEAL","BURGER MEAL"
10002,1,MEALS,FOOD,MEALS,"CHICKEN BURGER MEAL","CHICKEN BURGER M","CHKN BURGER MEAL","",7.3,0,0,0,0,0,0,0,0,0,"2-3","CHICKEN BURGER MEAL","CHICKEN BURGER MEAL"
10003,1,MEALS,FOOD,MEALS,"SIZZLER MEAL","SIZZLER MEAL","SIZZLER MEAL","",7.3,0,0,0,0,0,0,0,0,0,"2-3","SIZZLER MEAL","SIZZLER MEAL"
10004,1,MEALS,FOOD,MEALS,"S/F BURGER MEAL","S/F BURGER MEAL","S/F BURGER MEAL","",7.3,0,0,0,0,0,0,0,0,0,"2-3","S/F BURGER MEAL","S/F BURGER MEAL"
10005,1,MEALS,FOOD,MEALS,"GOUJON MEAL","GOUJON MEAL","GOUJON MEAL","",7.5,0,0,0,0,0,0,0,0,0,"2-3","GOUJON MEAL","GOUJON MEAL"
10006,1,MEALS,FOOD,MEALS,"SAUSAGE MEAL","SAUSAGE MEAL","SAUSAGE MEAL","",5.5,0,0,0,0,0,0,0,0,0,"2-3","SAUSAGE MEAL","SAUSAGE MEAL"
10007,1,MEALS,FOOD,MEALS,"BATT SAUSAGE MEAL","BATT SAUSAGE MEA","BATT SAUSAGE MEAL","",5.9,0,0,0,0,0,0,0,0,0,"2-3","BATT SAUSAGE MEAL","BATT SAUSAGE MEAL"
10008,1,MEALS,FOOD,MEALS,"COD MEAL","COD MEAL","COD MEAL","",7.7,0,0,0,0,0,0,0,0,0,"2-3","COD MEAL","COD MEAL"
10009,1,MEALS,FOOD,,"SPARE PLU","SPARE PLU","SPARE PLU","",0,0,0,0,0,0,0,0,0,0,"2-3","SPARE PLU","SPARE PLU"
10500,1,MEALS,FOOD,,"**OAP**","**OAP**","**OAP**","",0,0,0,0,0,0,0,0,0,0,"","**OAP**","**OAP**"
10501,1,MEALS,FOOD,OAP,"OAP BURGER MEAL","OAP BURGER MEAL","OAP BURGER MEAL","",4,0,0,0,0,0,0,0,0,0,"2-3","OAP BURGER MEAL","OAP BURGER MEAL"
10502,1,MEALS,FOOD,OAP,"OAP FRY & CHIPS","OAP FRY & CHIPS","OAP FRY & CHIPS","",4,0,0,0,0,0,0,0,0,0,"2-3","OAP FRY & CHIPS","OAP FRY & CHIPS"
10503,1,MEALS,FOOD,OAP,"OAP BACON & EGG","OAP BACON & EGG","OAP BACON & EGG","",3.8,0,0,0,0,0,0,0,0,0,"2-3","OAP BACON & EGG","OAP BACON & EGG"
10504,1,MEALS,FOOD,OAP,"OAP SAUSAGE & EGG","OAP SAUSAGE & EG","OAP SAUSAGE & EGG","",3.8,0,0,0,0,0,0,0,0,0,"2-3","OAP SAUSAGE & EGG","OAP SAUSAGE & EGG"
10505,1,MEALS,FOOD,OAP,"OAP FISH","OAP FISH","OAP FISH","",4.5,0,0,0,0,0,0,0,0,0,"2-3","OAP FISH","OAP FISH"
10506,1,MEALS,FOOD,OAP,"OAP BONELESS","OAP BONELESS","OAP BONELESS","",4.5,0,0,0,0,0,0,0,0,0,"2-3","OAP BONELESS","OAP BONELESS"
10507,1,MEALS,FOOD,OAP,"OAP GOUJONS","OAP GOUJONS","OAP GOUJONS","",4.5,0,0,0,0,0,0,0,0,0,"2-3","OAP GOUJONS","OAP GOUJONS"
10508,1,MEALS,FOOD,OAP,"OAP POTATO PASTIE","OAP POTATO PASTI","OAP POTATO PASTIE","",4.3,0,0,0,0,0,0,0,0,0,"2-3","OAP POTATO PASTIE","OAP POTATO PASTIE"
11000,1,MEALS,FOOD,,"**GLUTEN FREE MENU**","**GLUTEN FREE ME","**GLUTEN FREE MENU**","",0,0,0,0,0,0,0,0,0,0,"","**GLUTEN FREE MENU**","**GLUTEN FREE MENU**"
11001,1,MEALS,FOOD,GLUTEN FREE,"GF OAP FISH","GF OAP FISH","GF OAP FISH","",5,0,0,0,0,0,0,0,0,0,"2-3","GF 
OAP FISH","GF OAP FISH"
11002,1,MEALS,FOOD,GLUTEN FREE,"GF OAP GOUJONS","GF OAP GOUJONS","GF OAP GOUJONS","",5,0,0,0,0,0,0,0,0,0,"2-3","GF 
OAP GOUJONS","GF OAP GOUJONS"
11003,1,MEALS,FOOD,GLUTEN FREE,"GF SAUSAGE","GF SAUSAGE","GF SAUSAGE","",1.3,0,0,0,0,0,0,0,0,0,"2-3","GF 
SAUSAGE","GF SAUSAGE"
11004,1,MEALS,FOOD,GLUTEN FREE,"GF FISH SUPPER","GF FISH SUPPER","GF FISH SUPPER","",7.5,0,0,0,0,0,0,0,0,0,"2-3","GF 
FISH SUPPER","GF FISH SUPPER"
11005,1,MEALS,FOOD,GLUTEN FREE,"GF GOUJONS SUPPER","GF GOUJONS SUPPE","GF G'JON SUPPER","",7.5,0,0,0,0,0,0,0,0,0,"2-3","GF 
GOUJONS SUPPER","GF GOUJONS SUPPER"
11006,1,MEALS,FOOD,GLUTEN FREE,"GF SAUSAGE SUPPER","GF SAUSAGE SUPPE","GF SAUS SUPPER","",5,0,0,0,0,0,0,0,0,0,"2-3","GF 
SAUSAGE SUPPER","GF SAUSAGE SUPPER"
11007,1,MEALS,FOOD,GLUTEN FREE,"GF FISH","GF FISH","GF FISH","",5.2,0,0,0,0,0,0,0,0,0,"2-3","GF 
FISH","GF FISH"
11008,1,MEALS,FOOD,GLUTEN FREE,"GF GOUJON x1","GF GOUJON x1","GF GOUJON x1","",1.5,0,0,0,0,0,0,0,0,0,"2-3","GF GOUJON x1","GF GOUJON x1"
11009,1,MEALS,FOOD,GLUTEN FREE,"GF BATTERED SAUSAGE","GF BATTERED SAUS","GF BATT SAUS","",1.5,0,0,0,0,0,0,0,0,0,"2-3","GF 
BATTERED SAUSAGE","GF BATTERED SAUSAGE"
11010,1,MEALS,FOOD,GLUTEN FREE,"GF GOUJONS x4","GF GOUJONS x4","GF GOUJONS x4","",5.2,0,0,0,0,0,0,0,0,0,"2-3","GF GOUJONS x4","GF GOUJONS x4"
11011,1,MEALS,FOOD,GLUTEN FREE,"GF BATTERED SAUSAGE SUPPER","GF BATTERED SAUS","GF BAT SGE SUPP","",5.4,0,0,0,0,0,0,0,0,0,"2-3","GF 
BATTERED SAUSAGE 
SUPPER","GF BATTERED SAUSAGE SUPPER"
11012,1,MEALS,FOOD,GLUTEN FREE,"GF ONIONS RINGS","GF ONIONS RINGS","GF ONIONS RINGS","",4.2,0,0,0,0,0,0,0,0,0,"2-3","GF ONIONS RINGS","GF ONIONS RINGS"
11013,1,MEALS,FOOD,GLUTEN FREE,"GF 1/2 ONIONS RINGS","GF 1/2 ONIONS RI","GF 1/2 O'RINGS","",2.5,0,0,0,0,0,0,0,0,0,"2-3","GF 1/2 ONIONS RINGS","GF 1/2 ONIONS RINGS"
11014,1,MEALS,FOOD,GLUTEN FREE,"GF BATTERED MUSHROOMS","GF BATTERED MUSH","GF BAT M'ROOMS","",4,0,0,0,0,0,0,0,0,0,"2-3","GF 
BATTERED MUSHROOMS","GF BATTERED MUSHROOMS"
11015,1,MEALS,FOOD,GLUTEN FREE,"GF 1/2 BATTERED MUSHROOMS","GF 1/2 BATTERED","GF 1/2 BAT M'ROMS","",2,0,0,0,0,0,0,0,0,0,"2-3","GF 
1/2 BATTERED 
MUSHROOMS","GF 1/2 BATTERED MUSHROOMS"
11100,4,MEALS,FOOD,GLUTEN FREE SAUCE,"GF 4oz CURRY","GF 4oz CURRY","GF 4oz CURRY","",1.2,0,0,0,0,0,0,0,0,0,"2-3","GF 
4oz CURRY","GF 4oz CURRY"
11101,4,MEALS,FOOD,GLUTEN FREE SAUCE,"GF 4oz GRAVY","GF 4oz GRAVY","GF 4oz GRAVY","",1.2,0,0,0,0,0,0,0,0,0,"2-3","GF 
4oz GRAVY","GF 4oz GRAVY"
12000,1,MEALS,FOOD,,"**KIDS MEALS**","**KIDS MEALS**","**KIDS MEALS**","",0,0,0,0,0,0,0,0,0,0,"","**KIDS MEALS**","**KIDS MEALS**"
12001,1,MEALS,FOOD,KIDS MEAL,"KIDS NUGGET MEAL","KIDS NUGGET MEAL","KIDS NUGGET MEAL","",3.6,0,0,0,0,0,0,0,0,0,"2-3","KIDS NUGGET MEAL","KIDS NUGGET MEAL"
12002,1,MEALS,FOOD,KIDS MEAL,"KIDS GOUJON MEAL","KIDS GOUJON MEAL","KIDS GOUJON MEAL","",3.6,0,0,0,0,0,0,0,0,0,"2-3","KIDS GOUJON MEAL","KIDS GOUJON MEAL"
12003,1,MEALS,FOOD,KIDS MEAL,"KIDS FISH BITES","KIDS FISH BITES","KIDS FISH BITES","",3.6,0,0,0,0,0,0,0,0,0,"2-3","KIDS FISH BITES","KIDS FISH BITES"
12004,1,MEALS,FOOD,KIDS MEAL,"KIDS SAUSAGE MEAL","KIDS SAUSAGE MEA","KIDS SAUSAGE MEAL","",3.6,0,0,0,0,0,0,0,0,0,"2-3","KIDS SAUSAGE MEAL","KIDS SAUSAGE MEAL"
12005,1,MEALS,FOOD,KIDS MEAL,"KIDS BATT SAUS MEAL","KIDS BATT SAUS M","KIDS BATT SAUS MEAL","",3.8,0,0,0,0,0,0,0,0,0,"2-3","KIDS BATT SAUS MEAL","KIDS BATT SAUS MEAL"
12006,1,MEALS,FOOD,KIDS MEAL,"KIDS BURGER MEAL","KIDS BURGER MEAL","KIDS BURGER MEAL","",3.6,0,0,0,0,0,0,0,0,0,"2-3","KIDS BURGER MEAL","KIDS BURGER MEAL"
12007,1,MEALS,FOOD,KIDS MEAL,"KIDS CHEESEBURGER MEAL","KIDS CHEESEBURGE","KIDS C/BURG MEAL","",3.8,0,0,0,0,0,0,0,0,0,"2-3","KIDS CHEESEBURGER MEAL","KIDS CHEESEBURGER MEAL"
12008,1,MEALS,FOOD,KIDS MEAL,"KIDS GOUJON BURGER MEAL","KIDS GOUJON BURG","KIDS GOU/BUR MEAL","",3.8,0,0,0,0,0,0,0,0,0,"2-3","KIDS GOUJON BURGER MEAL","KIDS GOUJON BURGER MEAL"
12009,1,MEALS,FOOD,KIDS MEAL,"KIDS HOTDOG MEAL","KIDS HOTDOG MEAL","KIDS HOTDOG MEAL","",3.8,0,0,0,0,0,0,0,0,0,"2-3","KIDS HOTDOG MEAL","KIDS HOTDOG MEAL"
12500,1,SUNDRIES,FOOD,,"**SUNDRIES**","**SUNDRIES**","**SUNDRIES**","",0,0,0,0,0,0,0,0,0,0,"","**SUNDRIES**","**SUNDRIES**"
12501,1,SUNDRIES,FOOD,SUNDRIES,"SAUSAGE","SAUSAGE","SAUSAGE","",1.1,0,0,0,0,0,0,0,0,0,"2-3","SAUSAGE","SAUSAGE"
12502,1,SUNDRIES,FOOD,SUNDRIES,"SAUSAGE SUPPER","SAUSAGE SUPPER","SAUSAGE SUPPER","",4.7,0,0,0,0,0,0,0,0,0,"2-3","SAUSAGE SUPPER","SAUSAGE SUPPER"
12503,1,SUNDRIES,FOOD,SUNDRIES,"BATTERED SAUSAGE","BATTERED SAUSAGE","BATTERED SAUSAGE","",1.3,0,0,0,0,0,0,0,0,0,"2-3","BATTERED SAUSAGE","BATTERED SAUSAGE"
12504,1,SUNDRIES,FOOD,SUNDRIES,"BATTERED SAUSAGE SUPPER","BATTERED SAUSAGE","BATTERED SAUSAGE SUPPER","",5,0,0,0,0,0,0,0,0,0,"2-3","BATTERED 
SAUSAGE SUPPER","BATTERED SAUSAGE SUPPER"
12505,1,SUNDRIES,FOOD,SUNDRIES,"STUFFED BATTERED SAUSAGE","STUFFED BATTERED","STUFF BATT SAUS","",1.7,0,0,0,0,0,0,0,0,0,"2-3","STUFFED 
BATTERED SAUSAGE","STUFFED BATTERED SAUSAGE"
12506,1,SUNDRIES,FOOD,SUNDRIES,"POTATO PASTIE","POTATO PASTIE","POTATO PASTIE","",2.3,0,0,0,0,0,0,0,0,0,"2-3","POTATO PASTIE","POTATO PASTIE"
12507,1,SUNDRIES,FOOD,SUNDRIES,"POTATO PASTIE SUPPER","POTATO PASTIE SU","POTATO PASTIE SUPPER","",4.7,0,0,0,0,0,0,0,0,0,"2-3","POTATO PASTIE SUPPER","POTATO PASTIE SUPPER"
12508,1,SUNDRIES,FOOD,SUNDRIES,"STEAK PASTIE","STEAK PASTIE","STEAK PASTIE","",3.2,0,0,0,0,0,0,0,0,0,"2-3","STEAK PASTIE","STEAK PASTIE"
12509,1,SUNDRIES,FOOD,SUNDRIES,"STEAK PASTIE SUPPER","STEAK PASTIE SUP","STEAK PASTIE SUPPER","",5.5,0,0,0,0,0,0,0,0,0,"2-3","STEAK PASTIE SUPPER","STEAK PASTIE SUPPER"
12510,1,SUNDRIES,FOOD,SUNDRIES,"ONION RINGS","ONION RINGS","ONION RINGS","",3.5,0,0,0,0,0,0,0,0,0,"2-3","ONION RINGS","ONION RINGS"
12511,1,SUNDRIES,FOOD,SUNDRIES,"1/2 ONION RINGS","1/2 ONION RINGS","1/2 ONION RINGS","",2,0,0,0,0,0,0,0,0,0,"2-3","1/2 ONION RINGS","1/2 ONION RINGS"
12512,1,SUNDRIES,FOOD,SUNDRIES,"BATT MUSHROOMS","BATT MUSHROOMS","BATT MUSHROOMS","",3,0,0,0,0,0,0,0,0,0,"2-3","BATT MUSHROOMS","BATT MUSHROOMS"
12513,1,SUNDRIES,FOOD,SUNDRIES,"1/2 BATT MUSHROOMS","1/2 BATT MUSHROO","1/2 BATT MUSHROOMS","",1.6,0,0,0,0,0,0,0,0,0,"2-3","1/2 BATT MUSHROOMS","1/2 BATT MUSHROOMS"
12514,1,SUNDRIES,FOOD,SUNDRIES,"PASTIE BAP POTATO","PASTIE BAP POTAT","PASTIE BAP POTATO","",2.5,0,0,0,0,0,0,0,0,0,"2-3","PASTIE BAP POTATO","PASTIE BAP POTATO"
12515,1,SUNDRIES,FOOD,SUNDRIES,"PASTIE BAP STEAK","PASTIE BAP STEAK","PASTIE BAP STEAK","",3.5,0,0,0,0,0,0,0,0,0,"2-3","PASTIE BAP STEAK","PASTIE BAP STEAK"
12516,1,SUNDRIES,FOOD,SUNDRIES,"FRY LARGE","FRY LARGE","FRY LARGE","",6,0,0,0,0,0,0,0,0,0,"2-3","FRY LARGE","FRY LARGE"
12517,1,SUNDRIES,FOOD,SUNDRIES,"FRY SMALL","FRY SMALL","FRY SMALL","",4,0,0,0,0,0,0,0,0,0,"2-3","FRY SMALL","FRY SMALL"
12518,1,SUNDRIES,FOOD,SUNDRIES,"HOTDOG SML","HOTDOG SML","HOTDOG SML","",1.5,0,0,0,0,0,0,0,0,0,"2-3","HOTDOG SML","HOTDOG SML"
12519,1,SUNDRIES,FOOD,SUNDRIES,"HOTDOG LRG","HOTDOG LRG","HOTDOG LRG","",2.7,0,0,0,0,0,0,0,0,0,"2-3","HOTDOG LRG","HOTDOG LRG"
12520,1,SUNDRIES,FOOD,SUNDRIES,"FULL BAP","FULL BAP","FULL BAP","",3.5,0,0,0,0,0,0,0,0,0,"2-3","FULL BAP","FULL BAP"
12521,1,SUNDRIES,FOOD,SUNDRIES,"SAUSAGE & EGG BAP","SAUSAGE & EGG BA","SAUSAGE & EGG BAP","",3,0,0,0,0,0,0,0,0,0,"2-3","SAUSAGE & EGG BAP","SAUSAGE & EGG BAP"
12522,1,SUNDRIES,FOOD,SUNDRIES,"BACON & EGG BAP","BACON & EGG BAP","BACON & EGG BAP","",3,0,0,0,0,0,0,0,0,0,"2-3","BACON & EGG BAP","BACON & EGG BAP"
12523,1,SUNDRIES,FOOD,SUNDRIES,"BACON BAP","BACON BAP","BACON BAP","",2.5,0,0,0,0,0,0,0,0,0,"2-3","BACON BAP","BACON BAP"
12524,1,SUNDRIES,FOOD,SUNDRIES,"EGG BAP","EGG BAP","EGG BAP","",2.5,0,0,0,0,0,0,0,0,0,"2-3","EGG BAP","EGG BAP"
12525,1,SUNDRIES,FOOD,SUNDRIES,"SALAD BAP","SALAD BAP","SALAD BAP","",2.5,0,0,0,0,0,0,0,0,0,"2-3","SALAD BAP","SALAD BAP"
12526,1,SUNDRIES,FOOD,SUNDRIES,"PLAIN BAP","PLAIN BAP","PLAIN BAP","",0.5,0,0,0,0,0,0,0,0,0,"2-3","PLAIN BAP","PLAIN BAP"
12527,1,SUNDRIES,FOOD,SUNDRIES,"FULL SODA","FULL SODA","FULL SODA","",3.8,0,0,0,0,0,0,0,0,0,"2-3","FULL SODA","FULL SODA"
12528,1,SUNDRIES,FOOD,SUNDRIES,"SAUSAGE & EGG SODA","SAUSAGE & EGG SO","SAUSAGE & EGG SODA","",3.3,0,0,0,0,0,0,0,0,0,"2-3","SAUSAGE & EGG SODA","SAUSAGE & EGG SODA"
12529,1,SUNDRIES,FOOD,SUNDRIES,"BACO & EGG SODA","BACO & EGG SODA","BACO & EGG SODA","",3.3,0,0,0,0,0,0,0,0,0,"2-3","BACO & EGG SODA","BACO & EGG SODA"
12530,1,SUNDRIES,FOOD,SUNDRIES,"BACON SODA","BACON SODA","BACON SODA","",3,0,0,0,0,0,0,0,0,0,"2-3","BACON SODA","BACON SODA"
12531,1,SUNDRIES,FOOD,SUNDRIES,"EGG SODA","EGG SODA","EGG SODA","",3,0,0,0,0,0,0,0,0,0,"2-3","EGG SODA","EGG SODA"
12532,4,SUNDRIES,FOOD,SUNDRIES,"1 x EGG","1 x EGG","1 x EGG","",0.5,0,0,0,0,0,0,0,0,0,"2-3","1 x EGG","1 x EGG"
12533,4,SUNDRIES,FOOD,SUNDRIES,"1 x BACON","1 x BACON","1 x BACON","",1,0,0,0,0,0,0,0,0,0,"2-3","1 x BACON","1 x BACON"
12534,1,SUNDRIES,FOOD,SUNDRIES,"PLAIN SALAD","PLAIN SALAD","PLAIN SALAD","",2.5,0,0,0,0,0,0,0,0,0,"2-3","PLAIN SALAD","PLAIN SALAD"
12535,1,SUNDRIES,FOOD,SUNDRIES,"POUND SALAD","POUND SALAD","POUND SALAD","",1,0,0,0,0,0,0,0,0,0,"2-3","POUND SALAD","POUND SALAD"
12536,1,SUNDRIES,FOOD,SUNDRIES,"VARIETY BOX","VARIETY BOX","VARIETY BOX","",5.8,0,0,0,0,0,0,0,0,0,"2-3","VARIETY BOX","VARIETY BOX"
12537,1,SUNDRIES,FOOD,SUNDRIES,"BREAD & BUTTER","BREAD & BUTTER","BREAD & BUTTER","",0.5,0,0,0,0,0,0,0,0,0,"2-3","BREAD & BUTTER","BREAD & BUTTER"
12538,1,SUNDRIES,FOOD,SUNDRIES,"VINEGAR BOTTLE","VINEGAR BOTTLE","VINEGAR BOTTLE","",1.8,0,0,0,0,0,0,0,0,0,"","VINEGAR BOTTLE","VINEGAR BOTTLE"
12539,1,SUNDRIES,FOOD,SUNDRIES,"SAUSAGE SODA","SAUSAGE SODA","SAUSAGE SODA","",3,0,0,0,0,0,0,0,0,0,"2-3","SAUSAGE SODA","SAUSAGE SODA"
13000,1,2oz SAUCE,FOOD,,"**2oz SAUCE**","**2oz SAUCE**","**2oz SAUCE**","",0,0,0,0,0,0,0,0,0,0,"","**2oz SAUCE**","**2oz SAUCE**"
13001,1,2oz SAUCE,FOOD,,"SPARE PLU","SPARE PLU","SPARE PLU","",0,0,0,0,0,0,0,0,0,0,"","SPARE PLU","SPARE PLU"
13002,1,2oz SAUCE,FOOD,,"SPARE PLU","SPARE PLU","SPARE PLU","",0,0,0,0,0,0,0,0,0,0,"","SPARE PLU","SPARE PLU"
13003,1,2oz SAUCE,FOOD,,"SPARE PLU","SPARE PLU","SPARE PLU","",0,0,0,0,0,0,0,0,0,0,"","SPARE PLU","SPARE PLU"
13004,1,2oz SAUCE,FOOD,,"SPARE PLU","SPARE PLU","SPARE PLU","",0,0,0,0,0,0,0,0,0,0,"","SPARE PLU","SPARE PLU"
13005,1,2oz SAUCE,FOOD,,"SPARE PLU","SPARE PLU","SPARE PLU","",0,0,0,0,0,0,0,0,0,0,"","SPARE PLU","SPARE PLU"
13006,1,2oz SAUCE,FOOD,,"SPARE PLU","SPARE PLU","SPARE PLU","",0,0,0,0,0,0,0,0,0,0,"","SPARE PLU","SPARE PLU"
13007,1,2oz SAUCE,FOOD,2oz DIP,"2oz MAYO","2oz MAYO","2oz MAYO","",0.8,0,0,0,0,0,0,0,0,0,"2-3","2oz 
MAYO","2oz MAYO"
13008,1,2oz SAUCE,FOOD,2oz DIP,"2oz TACO","2oz TACO","2oz TACO","",0.8,0,0,0,0,0,0,0,0,0,"2-3","2oz 
TACO","2oz TACO"
13009,1,2oz SAUCE,FOOD,2oz DIP,"2oz GARLIC MAYO","2oz GARLIC MAYO","2oz GARLIC MAYO","",0.8,0,0,0,0,0,0,0,0,0,"2-3","2oz 
GARLIC MAYO","2oz GARLIC MAYO"
13010,1,2oz SAUCE,FOOD,2oz DIP,"2oz CHILLI","2oz CHILLI","2oz CHILLI","",0.8,0,0,0,0,0,0,0,0,0,"2-3","2oz 
CHILLI","2oz CHILLI"
13011,1,2oz SAUCE,FOOD,2oz DIP,"2oz BBQ","2oz BBQ","2oz BBQ","",0.8,0,0,0,0,0,0,0,0,0,"2-3","2oz 
BBQ","2oz BBQ"
13012,1,2oz SAUCE,FOOD,2oz DIP,"2oz CRANBERRY MAYO","2oz CRANBERRY MA","2oz CRANBERRY MAYO","",0.8,0,0,0,0,0,0,0,0,0,"2-3","2oz 
CRANBERRY 
MAYO","2oz CRANBERRY MAYO"
13013,1,2oz SAUCE,FOOD,2oz DIP,"2oz HOT & SMOKEY","2oz HOT & SMOKEY","2oz HOT & SMOKEY","",0.8,0,0,0,0,0,0,0,0,0,"2-3","2oz 
HOT 
& SMOKEY","2oz HOT & SMOKEY"
13014,1,2oz SAUCE,FOOD,2oz DIP,"2oz 1000 ISLAND","2oz 1000 ISLAND","2oz 1000 ISLAND","",0.8,0,0,0,0,0,0,0,0,0,"2-3","2oz 
1000 ISLAND","2oz 1000 ISLAND"
13015,1,2oz SAUCE,FOOD,2oz DIP,"2oz D'S HOUSE","2oz D'S HOUSE","2oz D'S HOUSE","",0.8,0,0,0,0,0,0,0,0,0,"2-3","2oz 
D'S HOUSE","2oz D'S HOUSE"
13500,1,4oz SAUCE,FOOD,,"**4oz SAUCE**","**4oz SAUCE**","**4oz SAUCE**","",0,0,0,0,0,0,0,0,0,0,"","**4oz SAUCE**","**4oz SAUCE**"
13501,1,4oz SAUCE,FOOD,4oz SAUCE,"4oz GRAVY","4oz GRAVY","4oz GRAVY","",1,0,0,0,0,0,0,0,0,0,"2-3","4oz 
GRAVY","4oz GRAVY"
13502,1,4oz SAUCE,FOOD,4oz SAUCE,"4oz CURRY","4oz CURRY","4oz CURRY","",1,0,0,0,0,0,0,0,0,0,"2-3","4oz 
CURRY","4oz CURRY"
13503,1,4oz SAUCE,FOOD,4oz SAUCE,"4oz PEPPERED","4oz PEPPERED","4oz PEPPERED","",1,0,0,0,0,0,0,0,0,0,"2-3","4oz 
PEPPERED","4oz PEPPERED"
13504,1,4oz SAUCE,FOOD,4oz SAUCE,"4oz BEANS","4oz BEANS","4oz BEANS","",1,0,0,0,0,0,0,0,0,0,"2-3","4oz 
BEANS","4oz BEANS"
13505,1,4oz SAUCE,FOOD,4oz SAUCE,"4oz PEAS","4oz PEAS","4oz PEAS","",1,0,0,0,0,0,0,0,0,0,"2-3","4oz 
PEAS","4oz PEAS"
13506,1,4oz SAUCE,FOOD,4oz SAUCE,"4oz CHEESE","4oz CHEESE","4oz CHEESE","",1,0,0,0,0,0,0,0,0,0,"2-3","4oz 
CHEESE","4oz CHEESE"
13507,1,4oz SAUCE,FOOD,,"SPARE PLU","SPARE PLU","SPARE PLU","",0,0,0,0,0,0,0,0,0,0,"","SPARE PLU","SPARE PLU"
13508,1,4oz SAUCE,FOOD,,"SPARE PLU","SPARE PLU","SPARE PLU","",0,0,0,0,0,0,0,0,0,0,"","SPARE PLU","SPARE PLU"
13509,1,4oz SAUCE,FOOD,,"SPARE PLU","SPARE PLU","SPARE PLU","",0,0,0,0,0,0,0,0,0,0,"","SPARE PLU","SPARE PLU"
13510,1,4oz SAUCE,FOOD,,"SPARE PLU","SPARE PLU","SPARE PLU","",0,0,0,0,0,0,0,0,0,0,"","SPARE PLU","SPARE PLU"
13511,1,4oz SAUCE,FOOD,,"SPARE PLU","SPARE PLU","SPARE PLU","",0,0,0,0,0,0,0,0,0,0,"","SPARE PLU","SPARE PLU"
13512,1,4oz SAUCE,FOOD,,"SPARE PLU","SPARE PLU","SPARE PLU","",0,0,0,0,0,0,0,0,0,0,"","SPARE PLU","SPARE PLU"
13513,1,4oz SAUCE,FOOD,,"SPARE PLU","SPARE PLU","SPARE PLU","",0,0,0,0,0,0,0,0,0,0,"","SPARE PLU","SPARE PLU"
13514,1,4oz SAUCE,FOOD,,"SPARE PLU","SPARE PLU","SPARE PLU","",0,0,0,0,0,0,0,0,0,0,"","SPARE PLU","SPARE PLU"
13515,1,4oz SAUCE,FOOD,,"SPARE PLU","SPARE PLU","SPARE PLU","",0,0,0,0,0,0,0,0,0,0,"","SPARE PLU","SPARE PLU"
14000,1,7oz SAUCE,FOOD,,"**7oz SAUCE**","**7oz SAUCE**","**7oz SAUCE**","",0,0,0,0,0,0,0,0,0,0,"","**7oz SAUCE**","**7oz SAUCE**"
14001,1,7oz SAUCE,FOOD,7oz SAUCE,"7oz GRAVY","7oz GRAVY","7oz GRAVY","",1.5,0,0,0,0,0,0,0,0,0,"2-3","7oz 
GRAVY","7oz GRAVY"
14002,1,7oz SAUCE,FOOD,7oz SAUCE,"7oz CURRY","7oz CURRY","7oz CURRY","",1.5,0,0,0,0,0,0,0,0,0,"2-3","7oz 
CURRY","7oz CURRY"
14003,1,7oz SAUCE,FOOD,7oz SAUCE,"7oz PEPPERED","7oz PEPPERED","7oz PEPPERED","",1.5,0,0,0,0,0,0,0,0,0,"2-3","7oz 
PEPPERED","7oz PEPPERED"
14004,1,7oz SAUCE,FOOD,7oz SAUCE,"7oz BEANS","7oz BEANS","7oz BEANS","",1.5,0,0,0,0,0,0,0,0,0,"2-3","7oz 
BEANS","7oz BEANS"
14005,1,7oz SAUCE,FOOD,7oz SAUCE,"7oz PEAS","7oz PEAS","7oz PEAS","",1.5,0,0,0,0,0,0,0,0,0,"2-3","7oz 
PEAS","7oz PEAS"
14006,1,7oz SAUCE,FOOD,7oz SAUCE,"7oz CHEESE","7oz CHEESE","7oz CHEESE","",1.5,0,0,0,0,0,0,0,0,0,"2-3","7oz 
CHEESE","7oz CHEESE"
14007,1,7oz SAUCE,FOOD,,"SPARE PLU","SPARE PLU","SPARE PLU","",0,0,0,0,0,0,0,0,0,0,"","SPARE PLU","SPARE PLU"
14008,1,7oz SAUCE,FOOD,,"SPARE PLU","SPARE PLU","SPARE PLU","",0,0,0,0,0,0,0,0,0,0,"","SPARE PLU","SPARE PLU"
14009,1,7oz SAUCE,FOOD,,"SPARE PLU","SPARE PLU","SPARE PLU","",0,0,0,0,0,0,0,0,0,0,"","SPARE PLU","SPARE PLU"
14010,1,7oz SAUCE,FOOD,,"SPARE PLU","SPARE PLU","SPARE PLU","",0,0,0,0,0,0,0,0,0,0,"","SPARE PLU","SPARE PLU"
14011,1,7oz SAUCE,FOOD,,"SPARE PLU","SPARE PLU","SPARE PLU","",0,0,0,0,0,0,0,0,0,0,"","SPARE PLU","SPARE PLU"
14012,1,7oz SAUCE,FOOD,,"SPARE PLU","SPARE PLU","SPARE PLU","",0,0,0,0,0,0,0,0,0,0,"","SPARE PLU","SPARE PLU"
14013,1,7oz SAUCE,FOOD,,"SPARE PLU","SPARE PLU","SPARE PLU","",0,0,0,0,0,0,0,0,0,0,"","SPARE PLU","SPARE PLU"
14014,1,7oz SAUCE,FOOD,,"SPARE PLU","SPARE PLU","SPARE PLU","",0,0,0,0,0,0,0,0,0,0,"","SPARE PLU","SPARE PLU"
14015,1,7oz SAUCE,FOOD,,"SPARE PLU","SPARE PLU","SPARE PLU","",0,0,0,0,0,0,0,0,0,0,"","SPARE PLU","SPARE PLU"
15000,1,MESSAGES,MESSAGES,,"**MESSAGES**","**MESSAGES**","**MESSAGES**","",0,0,0,0,0,0,0,0,0,0,"","**MESSAGES**","**MESSAGES**"
15001,4,WITH/NO,MESSAGES,WITH/NO,"LETTUCE","LETTUCE","LETTUCE","",0,0,0,0,0,0,0,0,0,0,"","LETTUCE","LETTUCE"
15002,4,WITH/NO,MESSAGES,WITH/NO,"RAW ONION","RAW ONION","RAW ONION","",0,0,0,0,0,0,0,0,0,0,"","RAW ONION","RAW ONION"
15003,4,WITH/NO,MESSAGES,WITH/NO,"FRIED ONION","FRIED ONION","FRIED ONION","",0,0,0,0,0,0,0,0,0,0,"","FRIED 
ONION","FRIED ONION"
15004,4,WITH/NO,MESSAGES,WITH/NO,"FRIED MUSHROOMS","FRIED MUSHROOMS","FRIED MUSHROOMS","",0,0,0,0,0,0,0,0,0,0,"","FRIED 
MUSHROOMS","FRIED MUSHROOMS"
15005,4,WITH/NO,MESSAGES,WITH/NO,"FRIED PEPPERS","FRIED PEPPERS","FRIED PEPPERS","",0,0,0,0,0,0,0,0,0,0,"","FRIED 
PEPPERS","FRIED PEPPERS"
15006,4,WITH/NO,MESSAGES,WITH/NO,"MAYO","MAYO","MAYO","",0,0,0,0,0,0,0,0,0,0,"","MAYO","MAYO"
15007,4,WITH/NO,MESSAGES,WITH/NO,"TOMATO","TOMATO","TOMATO","",0,0,0,0,0,0,0,0,0,0,"","TOMATO","TOMATO"
15008,4,WITH/NO,MESSAGES,WITH/NO,"CORN RELISH","CORN RELISH","CORN RELISH","",0,0,0,0,0,0,0,0,0,0,"","CORN 
RELISH","CORN RELISH"
15009,4,WITH/NO,MESSAGES,WITH/NO,"BURGER RELISH","BURGER RELISH","BURGER RELISH","",0,0,0,0,0,0,0,0,0,0,"","BURGER 
RELISH","BURGER RELISH"
15010,4,WITH/NO,MESSAGES,WITH/NO,"RED SAUCE","RED SAUCE","RED SAUCE","",0,0,0,0,0,0,0,0,0,0,"","RED SAUCE","RED SAUCE"
15011,4,WITH/NO,MESSAGES,WITH/NO,"BROWN SAUCE","BROWN SAUCE","BROWN SAUCE","",0,0,0,0,0,0,0,0,0,0,"","BROWN 
SAUCE","BROWN SAUCE"
15012,4,WITH/NO,MESSAGES,WITH/NO,"PINEAPPLE","PINEAPPLE","PINEAPPLE","",0.3,0,0,0,0,0,0,0,0,0,"","PINEAPPLE","PINEAPPLE"
15013,4,WITH/NO,MESSAGES,WITH/NO,"CRANBERRY MAYO","CRANBERRY MAYO","CRANBERRY MAYO","",0,0,0,0,0,0,0,0,0,0,"","CRANBERRY 
MAYO","CRANBERRY MAYO"
15014,4,WITH/NO,MESSAGES,WITH/NO,"1000 ISLAND","1000 ISLAND","1000 ISLAND","",0,0,0,0,0,0,0,0,0,0,"","1000 ISLAND","1000 ISLAND"
15015,4,WITH/NO,MESSAGES,WITH/NO,"ONION RING","ONION RING","ONION RING","",0.3,0,0,0,0,0,0,0,0,0,"","ONION 
RING","ONION RING"
15016,4,WITH/NO,MESSAGES,WITH/NO,"HOUSE SAUCE","HOUSE SAUCE","HOUSE SAUCE","",0,0,0,0,0,0,0,0,0,0,"","HOUSE 
SAUCE","HOUSE SAUCE"
15017,4,WITH/NO,MESSAGES,WITH/NO,"HOT & SMOKEY SAUCE","HOT & SMOKEY SAU","HOT & SMOKEY SAUCE","",0,0,0,0,0,0,0,0,0,0,"","HOT & 
SMOKEY 
SAUCE","HOT & SMOKEY SAUCE"
15018,4,WITH/NO,MESSAGES,WITH/NO,"TARTAR SAUCE","TARTAR SAUCE","TARTAR SAUCE","",0,0,0,0,0,0,0,0,0,0,"","TARTAR 
SAUCE","TARTAR SAUCE"
15019,4,WITH/NO,MESSAGES,WITH/NO,"SAUCE","SAUCE","SAUCE","",0,0,0,0,0,0,0,0,0,0,"","SAUCE","SAUCE"
15020,4,WITH/NO,MESSAGES,WITH/NO,"GARLIC MAYO","GARLIC MAYO","GARLIC MAYO","",0,0,0,0,0,0,0,0,0,0,"","GARLIC 
MAYO","GARLIC MAYO"
16000,4,MESSAGES,MESSAGES,MESSAGES,"CHEESE ON CHIPS","CHEESE ON CHIPS","CHEESE ON CHIPS","",0.8,0,0,0,0,0,0,0,0,0,"","CHEESE 
ON
CHIPS","CHEESE ON CHIPS"
16001,4,MESSAGES,MESSAGES,MESSAGES,"ADD CHEESE SLICE","ADD CHEESE SLICE","ADD CHEESE SLICE","",0.4,0,0,0,0,0,0,0,0,0,"","ADD 
CHEESE 
SLICE","ADD CHEESE SLICE"
16002,4,MESSAGES,MESSAGES,MESSAGES,"ADD BACON & CHEESE £1.20","ADD BACON & CHEE","ADD BCN+CHSE","",1.2,0,0,0,0,0,0,0,0,0,"","ADD 
BACON 
& CHEESE
£1.20","ADD BACON & CHEESE"
16003,4,MESSAGES,MESSAGES,MESSAGES,"CHEESE ON BURGER","CHEESE ON BURGER","CHEESE ON BURGER","",0.4,0,0,0,0,0,0,0,0,0,"","CHEESE 
ON 
BURGER","CHEESE ON BURGER"
16004,4,MESSAGES,MESSAGES,MESSAGES,"SALT","SALT","SALT","",0,0,0,0,0,0,0,0,0,0,"","SALT","SALT"
16005,4,MESSAGES,MESSAGES,MESSAGES,"VINEGAR","VINEGAR","VINEGAR","",0,0,0,0,0,0,0,0,0,0,"","VINEGAR","VINEGAR"
16006,4,MESSAGES,MESSAGES,MESSAGES,"S&V","S&V","S&V","",0,0,0,0,0,0,0,0,0,0,"","S&V","S&V"
16007,4,MESSAGES,MESSAGES,MESSAGES,"LOADS SALT","LOADS SALT","LOADS SALT","",0,0,0,0,0,0,0,0,0,0,"","LOADS 
SALT","LOADS SALT"
16008,4,MESSAGES,MESSAGES,MESSAGES,"LOADS VINEGAR","LOADS VINEGAR","LOADS VINEGAR","",0,0,0,0,0,0,0,0,0,0,"","LOADS 
VINEGAR","LOADS VINEGAR"
16009,4,MESSAGES,MESSAGES,MESSAGES,"LOADS S&V","LOADS S&V","LOADS S&V","",0,0,0,0,0,0,0,0,0,0,"","LOADS 
S&V","LOADS S&V"
16010,4,MESSAGES,MESSAGES,MESSAGES,"FULLY DRESSED","FULLY DRESSED","FULLY DRESSED","",0,0,0,0,0,0,0,0,0,0,"","FULLY 
DRESSED","FULLY DRESSED"
16011,4,MESSAGES,MESSAGES,MESSAGES,"PLAIN","PLAIN","PLAIN","",0,0,0,0,0,0,0,0,0,0,"","PLAIN","PLAIN"
16012,4,MESSAGES,MESSAGES,MESSAGES,"WELL DONE","WELL DONE","WELL DONE","",0,0,0,0,0,0,0,0,0,0,"","WELL DONE","WELL DONE"
16013,4,MESSAGES,MESSAGES,MESSAGES,"SAUCE OVER","SAUCE OVER","SAUCE OVER","",0,0,0,0,0,0,0,0,0,0,"","SAUCE 
OVER","SAUCE OVER"
16014,4,MESSAGES,MESSAGES,MESSAGES,"SAUCE SEPARATE","SAUCE SEPARATE","SAUCE SEPARATE","",0,0,0,0,0,0,0,0,0,0,"","SAUCE 
SEPARATE","SAUCE SEPARATE"
16015,4,MESSAGES,MESSAGES,MESSAGES,"ADD BACON £1","ADD BACON £1","ADD BACON","",1,0,0,0,0,0,0,0,0,0,"","ADD 
BACON 
£1","ADD BACON £1"
16016,4,MESSAGES,MESSAGES,MESSAGES,"SAUCE ON BURGER","SAUCE ON BURGER","SCE ON BURGER","",0,0,0,0,0,0,0,0,0,0,"","SAUCE 
ON BURGER","SAUCE ON BURGER"
16017,4,MESSAGES,MESSAGES,MESSAGES,"SAUCE ON CHIP","SAUCE ON CHIP","SCE ON CHIP","",0,0,0,0,0,0,0,0,0,0,"","SAUCE 
ON CHIP","SAUCE ON CHIP"
16018,4,MESSAGES,MESSAGES,,"ADD MUSHROOMS","ADD MUSHROOMS","ADD MUSHROOMS","",0.8,0,0,0,0,0,0,0,0,0,"","ADD MUSHROOMS","ADD MUSHROOMS"
16019,4,MESSAGES,MESSAGES,,"ADD FRIED ONIONS","ADD FRIED ONIONS","ADD FRIED ONIONS","",0.4,0,0,0,0,0,0,0,0,0,"","ADD FRIED ONIONS","ADD FRIED ONIONS"
17000,4,MESSAGES,MESSAGES,,"FOREST FRUITS","FOREST FRUITS","FOREST FRUITS","",0,0,0,0,0,0,0,0,0,0,"","FOREST FRUITS","FOREST FRUITS"
17001,4,MESSAGES,MESSAGES,,"STRAWBERRY & KIWI","STRAWBERRY & KIW","S'BERRY & KIWI","",0,0,0,0,0,0,0,0,0,0,"","STRAWBERRY & KIWI","STRAWBERRY & KIWI"
17002,4,MESSAGES,MESSAGES,,"LEMON & LIME","LEMON & LIME","LEMON & LIME","",0,0,0,0,0,0,0,0,0,0,"","LEMON & LIME","LEMON & LIME"
17003,4,MESSAGES,MESSAGES,,"PLAIN WATER","PLAIN WATER","PLAIN WATER","",0,0,0,0,0,0,0,0,0,0,"","PLAIN WATER","PLAIN WATER"
19999,4,DRINK,DRINK,,"COKE TAX 10p","COKE TAX 10p","COKE TAX 10p","",0.1,0,0,0,0,0,0,0,0,0,"","COKE TAX 10p","COKE TAX 10p"
20000,1,MISC FOOD,MISC FOOD,,"MISC FOOD","MISC FOOD","MISC FOOD","",0,0,0,0,0,0,0,0,0,0,"2-3","MISC FOOD","MISC FOOD"
20001,1,MISC DRINK,MISC DRINK,,"MISC DRINK","MISC DRINK","MISC DRINK","",0,0,0,0,0,0,0,0,0,0,"1","MISC DRINK","MISC DRINK"
